hashtag;timestamp;cnt;followers_count;log_followers_count
alphabet;2018-06-09 03:00:00;9;21412;51.06777176109747
alphabet;2018-06-09 04:00:00;9;28738;62.375167481715245
alphabet;2018-06-09 05:00:00;1;2400;7.783224016336037
alphabet;2018-06-09 06:00:00;8;27674;57.00343145700369
alphabet;2018-06-09 07:00:00;7;19058;46.36996896581517
alphabet;2018-06-09 08:00:00;7;51521;48.7871236638269
alphabet;2018-06-09 09:00:00;2;50269;18.54307260928484
alphabet;2018-06-09 10:00:00;8;10673;47.24895046914258
alphabet;2018-06-09 11:00:00;9;24696;63.76119161491869
alphabet;2018-06-09 12:00:00;5;5912;32.62605677000954
alphabet;2018-06-09 13:00:00;7;34057;55.13065301983022
alphabet;2018-06-09 14:00:00;11;25559;71.59461898903847
alphabet;2018-06-09 15:00:00;2;17086;18.105735026303233
alphabet;2018-06-09 16:00:00;8;9543;43.79759362481696
alphabet;2018-06-09 17:00:00;3;53659;19.493021416059218
alphabet;2018-06-09 18:00:00;1;998;6.905753276311464
alphabet;2018-06-09 19:00:00;0;0;0.0
alphabet;2018-06-09 20:00:00;2;824;6.714170529909472
alphabet;2018-06-09 21:00:00;1;19;2.9444389791664403
alphabet;2018-06-09 22:00:00;1;1876;7.53689712956617
alphabet;2018-06-09 23:00:00;1;372;5.918893854273146
alphabet;2018-06-10 00:00:00;1;134;4.897839799950911
alphabet;2018-06-10 01:00:00;6;45338;52.12813067549233
alphabet;2018-06-10 02:00:00;2;136;7.928406026180535
alphabet;2018-06-10 03:00:00;3;77856;29.12309930981743
alphabet;2018-06-10 04:00:00;0;0;0.0
alphabet;2018-06-10 05:00:00;2;956;11.456651365891052
alphabet;2018-06-10 06:00:00;9;26418;65.14772229297458
alphabet;2018-06-10 07:00:00;6;7577;28.641167084622978
alphabet;2018-06-10 08:00:00;11;19535;56.125258433652654
alphabet;2018-06-10 09:00:00;12;27644;79.94716267427947
alphabet;2018-06-10 10:00:00;3;2064;17.270177424393093
alphabet;2018-06-10 11:00:00;4;17509;27.34021335693757
alphabet;2018-06-10 12:00:00;10;3465;47.25283783894715
alphabet;2018-06-10 13:00:00;8;13276;50.30288439139156
alphabet;2018-06-10 14:00:00;7;35935;44.751613806920666
alphabet;2018-06-10 15:00:00;4;4070;25.763095418954023
alphabet;2018-06-10 16:00:00;3;97266;21.866506118047262
alphabet;2018-06-10 17:00:00;1;1;0.0
alphabet;2018-06-10 18:00:00;5;4461;28.97325535269007
alphabet;2018-06-10 19:00:00;2;995;9.718723014091035
alphabet;2018-06-10 20:00:00;3;25439;23.26163877577055
alphabet;2018-06-10 21:00:00;2;1420;10.333840376152072
alphabet;2018-06-10 22:00:00;1;979;6.886531642530509
alphabet;2018-06-10 23:00:00;2;34226;17.29825145898003
alphabet;2018-06-11 00:00:00;6;7868;32.36278656969837
alphabet;2018-06-11 01:00:00;4;17449;28.12090806847916
alphabet;2018-06-11 02:00:00;7;19775;46.77551995529101
alphabet;2018-06-11 03:00:00;6;22241;46.635676988206455
alphabet;2018-06-11 04:00:00;11;31488;72.87395254672988
alphabet;2018-06-11 05:00:00;6;3035722;43.667353035705645
alphabet;2018-06-11 06:00:00;6;28290;44.46857150357314
alphabet;2018-06-11 07:00:00;7;25049;53.22031023021111
alphabet;2018-06-11 08:00:00;9;8035;38.95294255181318
alphabet;2018-06-11 09:00:00;11;74863;85.06594313383691
alphabet;2018-06-11 10:00:00;7;18870;46.986510545536596
alphabet;2018-06-11 11:00:00;1;3128;8.048149101665201
alphabet;2018-06-11 12:00:00;15;31025;80.8060221034547
alphabet;2018-06-11 13:00:00;6;11282;44.21448132179551
alphabet;2018-06-11 14:00:00;12;38883;80.27305466210764
alphabet;2018-06-11 15:00:00;3;553;14.846354582150953
alphabet;2018-06-11 16:00:00;5;76326;37.95649733161602
alphabet;2018-06-11 17:00:00;4;41707;31.967820114745237
alphabet;2018-06-11 18:00:00;1;1399;7.243512974665482
alphabet;2018-06-11 19:00:00;2;14728;13.121555050796385
alphabet;2018-06-11 20:00:00;4;6061;27.123911384485314
alphabet;2018-06-11 21:00:00;1;5331;8.581294116822761
alphabet;2018-06-11 22:00:00;4;98158;29.594868140167954
alphabet;2018-06-11 23:00:00;3;10413;24.235929801993688
alphabet;2018-06-12 00:00:00;4;3771;24.885815081716153
alphabet;2018-06-12 01:00:00;12;36172;81.5836798924168
alphabet;2018-06-12 02:00:00;10;68700;69.00373971690817
alphabet;2018-06-12 03:00:00;1;588;6.376726947898628
alphabet;2018-06-12 04:00:00;6;28916;41.52121215152116
alphabet;2018-06-12 05:00:00;13;55413;93.43448396057029
alphabet;2018-06-12 06:00:00;6;2157;32.81038330664383
alphabet;2018-06-12 07:00:00;11;83628;82.84825400429474
alphabet;2018-06-12 08:00:00;3;17886;20.786478849986143
alphabet;2018-06-12 09:00:00;15;33860;106.39211874716705
alphabet;2018-06-12 10:00:00;4;11985;28.81497979268122
alphabet;2018-06-12 11:00:00;9;54059;66.13468610269018
alphabet;2018-06-12 12:00:00;5;22263;40.21224454562232
alphabet;2018-06-12 13:00:00;9;3728;43.07253460792164
alphabet;2018-06-12 14:00:00;3;18776;20.038780724121562
alphabet;2018-06-12 15:00:00;12;74577;85.28416483979832
alphabet;2018-06-12 16:00:00;10;20372;50.22670024414556
alphabet;2018-06-12 17:00:00;5;9279;30.418489704416935
alphabet;2018-06-12 18:00:00;0;0;0.0
alphabet;2018-06-12 19:00:00;2;7677;13.185319397046662
alphabet;2018-06-12 20:00:00;7;9946;26.811144404970072
alphabet;2018-06-12 21:00:00;2;2421;14.16064516766414
alphabet;2018-06-12 22:00:00;3;20040;26.42061979959208
alphabet;2018-06-12 23:00:00;2;6727;12.657020868240751
alphabet;2018-06-13 00:00:00;4;7909;25.973686990087938
alphabet;2018-06-13 01:00:00;7;16684;44.97647667559734
alphabet;2018-06-13 02:00:00;7;17864;52.22202357051982
alphabet;2018-06-13 03:00:00;4;19992;32.44301403652016
alphabet;2018-06-13 04:00:00;8;14393;52.156586647120285
alphabet;2018-06-13 05:00:00;1;1187;7.079184394609668
apple;2018-06-09 03:00:00;258;1714293;1529.723054681373
apple;2018-06-09 04:00:00;301;5812671;1817.526944905731
apple;2018-06-09 05:00:00;311;2338143;1910.353626995623
apple;2018-06-09 06:00:00;294;2868279;1843.5623870524828
apple;2018-06-09 07:00:00;314;2688734;1987.0101371085118
apple;2018-06-09 08:00:00;319;2607087;1941.252736701905
apple;2018-06-09 09:00:00;326;3705136;1923.1275150367417
apple;2018-06-09 10:00:00;330;11080462;1851.268175847704
apple;2018-06-09 11:00:00;330;2244620;2066.2456323526026
apple;2018-06-09 12:00:00;288;3057779;1810.132000336619
apple;2018-06-09 13:00:00;286;2388573;1610.991178842197
apple;2018-06-09 14:00:00;291;3924755;1699.4658521859374
apple;2018-06-09 15:00:00;229;2235441;1506.6564074332366
apple;2018-06-09 16:00:00;294;2530641;1905.5826779263434
apple;2018-06-09 17:00:00;244;3194188;1691.1849809825198
apple;2018-06-09 18:00:00;275;3090228;1810.0602474288748
apple;2018-06-09 19:00:00;283;6361820;1808.0729088799249
apple;2018-06-09 20:00:00;194;5885966;1263.4388266050566
apple;2018-06-09 21:00:00;216;2110453;1354.8874384054518
apple;2018-06-09 22:00:00;219;2827832;1403.7413458387355
apple;2018-06-09 23:00:00;205;2599134;1339.389718969332
apple;2018-06-10 00:00:00;178;1684332;1153.129272506623
apple;2018-06-10 01:00:00;269;10706500;1741.3866135891883
apple;2018-06-10 02:00:00;235;3599187;1512.6384038208573
apple;2018-06-10 03:00:00;249;1780322;1538.02895547306
apple;2018-06-10 04:00:00;385;1697388;1944.864467560589
apple;2018-06-10 05:00:00;330;6048372;1871.3327132333347
apple;2018-06-10 06:00:00;318;2907441;2009.35118497786
apple;2018-06-10 07:00:00;312;2687876;2029.0582841927248
apple;2018-06-10 08:00:00;296;7582649;1905.5957192026096
apple;2018-06-10 09:00:00;333;2031477;2014.7658743163086
apple;2018-06-10 10:00:00;361;2255239;2047.4419260550085
apple;2018-06-10 11:00:00;534;3499623;2713.56350084337
apple;2018-06-10 12:00:00;273;1748494;1688.3202249657377
apple;2018-06-10 13:00:00;269;2317966;1703.302641846772
apple;2018-06-10 14:00:00;300;3063508;1906.683959622198
apple;2018-06-10 15:00:00;317;2054413;1868.6775863972723
apple;2018-06-10 16:00:00;284;3029293;1765.0398895823287
apple;2018-06-10 17:00:00;277;2518433;1848.7381892817427
apple;2018-06-10 18:00:00;184;1829097;1212.3863337287803
apple;2018-06-10 19:00:00;254;2157908;1592.5725500799417
apple;2018-06-10 20:00:00;240;2093089;1501.9956973160954
apple;2018-06-10 21:00:00;250;3018882;1565.2913007081725
apple;2018-06-10 22:00:00;228;2818172;1534.7253964764564
apple;2018-06-10 23:00:00;268;2918826;1853.1690465934726
apple;2018-06-11 00:00:00;259;1720600;1614.0954618770888
apple;2018-06-11 01:00:00;297;2324390;1943.7671175842038
apple;2018-06-11 02:00:00;370;2509407;2377.781746420267
apple;2018-06-11 03:00:00;342;2202938;2217.9505367411116
apple;2018-06-11 04:00:00;401;2429371;2515.987390101907
apple;2018-06-11 05:00:00;450;2559786;2979.6651214836043
apple;2018-06-11 06:00:00;394;2759150;2517.6219180868834
apple;2018-06-11 07:00:00;434;4088755;2735.9454789046417
apple;2018-06-11 08:00:00;422;3001318;2624.811480656029
apple;2018-06-11 09:00:00;415;2610740;2603.0572871167687
apple;2018-06-11 10:00:00;455;7342886;2844.7409720708306
apple;2018-06-11 11:00:00;521;3620532;3177.5906142765725
apple;2018-06-11 12:00:00;426;2169295;2394.1178084583353
apple;2018-06-11 13:00:00;397;2437817;2458.504576828871
apple;2018-06-11 14:00:00;324;3447916;2102.341716166252
apple;2018-06-11 15:00:00;293;2988770;1863.948105785694
apple;2018-06-11 16:00:00;317;3319167;2098.2656466936733
apple;2018-06-11 17:00:00;282;2800126;1758.6651292158147
apple;2018-06-11 18:00:00;211;1927078;1303.4937607937275
apple;2018-06-11 19:00:00;297;4317342;2062.270481782638
apple;2018-06-11 20:00:00;229;1616941;1441.8714096100314
apple;2018-06-11 21:00:00;208;2198425;1372.5718349696956
apple;2018-06-11 22:00:00;258;4711635;1745.671424847504
apple;2018-06-11 23:00:00;258;2515033;1639.5295576670856
apple;2018-06-12 00:00:00;328;2802046;2079.9688903049578
apple;2018-06-12 01:00:00;381;2640763;2436.6794008317115
apple;2018-06-12 02:00:00;320;2518897;1954.0322132551494
apple;2018-06-12 03:00:00;315;2653610;1928.9991964680587
apple;2018-06-12 04:00:00;337;3045813;2132.56004852173
apple;2018-06-12 05:00:00;356;2599267;2237.522901973313
apple;2018-06-12 06:00:00;416;3626240;2553.818857578906
apple;2018-06-12 07:00:00;466;3364800;2869.335096485425
apple;2018-06-12 08:00:00;451;3551688;2880.44918704678
apple;2018-06-12 09:00:00;427;3622638;2765.3003636184135
apple;2018-06-12 10:00:00;439;4121794;2663.2734171115676
apple;2018-06-12 11:00:00;416;2440120;2621.187490210911
apple;2018-06-12 12:00:00;412;3553850;2625.7747397255093
apple;2018-06-12 13:00:00;418;11076404;2506.2392613357533
apple;2018-06-12 14:00:00;350;4595499;2154.7367994464794
apple;2018-06-12 15:00:00;381;3843034;2437.50561467854
apple;2018-06-12 16:00:00;339;4055175;2333.143620562071
apple;2018-06-12 17:00:00;297;1782745;1767.921728639568
apple;2018-06-12 18:00:00;233;2717140;1451.798924809849
apple;2018-06-12 19:00:00;287;2586069;1912.143736231859
apple;2018-06-12 20:00:00;237;2214994;1496.159800718874
apple;2018-06-12 21:00:00;258;1793694;1612.698610247075
apple;2018-06-12 22:00:00;274;5937176;1802.942263378004
apple;2018-06-12 23:00:00;243;9115792;1565.0827394354878
apple;2018-06-13 00:00:00;282;2469064;1817.0801121639902
apple;2018-06-13 01:00:00;427;3173514;2812.6584243786588
apple;2018-06-13 02:00:00;318;2379640;1932.9134095585375
apple;2018-06-13 03:00:00;381;2804245;2356.057691997864
apple;2018-06-13 04:00:00;408;2823187;2649.9415138082245
apple;2018-06-13 05:00:00;222;2591082;1418.5995357386212
apple;2018-06-13 06:00:00;0;0;0.0
apple;2018-06-13 07:00:00;0;0;0.0
apple;2018-06-13 08:00:00;0;0;0.0
apple;2018-06-13 09:00:00;0;0;0.0
apple;2018-06-13 10:00:00;7;53250;41.05376332050823
facebook;2018-06-09 03:00:00;435;1813591;2776.2202040394104
facebook;2018-06-09 04:00:00;545;3271188;3542.1031327200903
facebook;2018-06-09 05:00:00;554;4125295;3360.4855615528995
facebook;2018-06-09 06:00:00;599;6128107;3773.768112391867
facebook;2018-06-09 07:00:00;548;4354266;3670.0772806930463
facebook;2018-06-09 08:00:00;464;4748941;3047.634460594033
facebook;2018-06-09 09:00:00;546;4906120;3588.089409888586
facebook;2018-06-09 10:00:00;545;3547112;3379.159928872091
facebook;2018-06-09 11:00:00;603;17548016;3841.438769377132
facebook;2018-06-09 12:00:00;525;12129995;3552.663992558677
facebook;2018-06-09 13:00:00;453;5940180;3038.8768205268393
facebook;2018-06-09 14:00:00;552;9688505;3852.3711555202726
facebook;2018-06-09 15:00:00;403;5110351;2791.352006938918
facebook;2018-06-09 16:00:00;383;5089826;2546.519472406723
facebook;2018-06-09 17:00:00;309;2092405;2046.9090952102251
facebook;2018-06-09 18:00:00;339;3769002;2268.4688519053493
facebook;2018-06-09 19:00:00;342;3998211;2291.2180792616155
facebook;2018-06-09 20:00:00;483;86322013;4051.6000303817
facebook;2018-06-09 21:00:00;334;7827327;2241.3901960843177
facebook;2018-06-09 22:00:00;304;2245615;2019.8553636394267
facebook;2018-06-09 23:00:00;240;1679049;1502.8215677975209
facebook;2018-06-10 00:00:00;343;5570947;2317.4960975747667
facebook;2018-06-10 01:00:00;482;7668420;3280.683527900062
facebook;2018-06-10 02:00:00;504;2461932;3168.341277576792
facebook;2018-06-10 03:00:00;514;4518571;3216.9324169119536
facebook;2018-06-10 04:00:00;470;3506119;2999.3570197413374
facebook;2018-06-10 05:00:00;460;3556655;2748.4913704100695
facebook;2018-06-10 06:00:00;533;11620850;3485.904251477849
facebook;2018-06-10 07:00:00;519;4620772;3461.3879866939424
facebook;2018-06-10 08:00:00;571;6547436;3393.5313357571467
facebook;2018-06-10 09:00:00;593;5988351;3379.5651276978565
facebook;2018-06-10 10:00:00;589;2675342;3280.0924498554887
facebook;2018-06-10 11:00:00;661;5538774;3628.402594505498
facebook;2018-06-10 12:00:00;645;4317180;3671.5962648732093
facebook;2018-06-10 13:00:00;675;3158062;3511.855285745483
facebook;2018-06-10 14:00:00;585;7247799;2991.482818473557
facebook;2018-06-10 15:00:00;593;5021344;3205.3182381650327
facebook;2018-06-10 16:00:00;607;4580964;3124.134731598002
facebook;2018-06-10 17:00:00;543;5958252;3071.5447897055105
facebook;2018-06-10 18:00:00;428;4761299;2397.995917184632
facebook;2018-06-10 19:00:00;401;6934449;2375.985669186865
facebook;2018-06-10 20:00:00;358;2303830;2029.15807341297
facebook;2018-06-10 21:00:00;371;1701155;1994.2554179870501
facebook;2018-06-10 22:00:00;414;4614514;2246.811876214189
facebook;2018-06-10 23:00:00;426;3107545;2465.8270933527547
facebook;2018-06-11 00:00:00;495;6606537;2912.6555578170783
facebook;2018-06-11 01:00:00;653;4900768;3830.111995546665
facebook;2018-06-11 02:00:00;656;5836070;3757.507285538432
facebook;2018-06-11 03:00:00;703;5071791;3953.1412837266594
facebook;2018-06-11 04:00:00;762;4236109;4301.291450595388
facebook;2018-06-11 05:00:00;819;5195597;4035.5849924441636
facebook;2018-06-11 06:00:00;953;13206452;4795.6830817845575
facebook;2018-06-11 07:00:00;917;7782153;4469.408711751088
facebook;2018-06-11 08:00:00;888;3387454;4189.1974231837
facebook;2018-06-11 09:00:00;994;8347385;5321.322861459039
facebook;2018-06-11 10:00:00;870;7069800;4524.355176351339
facebook;2018-06-11 11:00:00;921;5541789;4688.508171206802
facebook;2018-06-11 12:00:00;930;8173577;5192.211688914932
facebook;2018-06-11 13:00:00;660;8523955;4009.0049142954413
facebook;2018-06-11 14:00:00;641;8759230;4125.456763045188
facebook;2018-06-11 15:00:00;498;4908425;3223.315135897352
facebook;2018-06-11 16:00:00;455;5411947;3042.9080936853147
facebook;2018-06-11 17:00:00;562;4989716;3498.2573885898546
facebook;2018-06-11 18:00:00;541;4903047;3446.7958496207575
facebook;2018-06-11 19:00:00;423;8559877;2834.101473788381
facebook;2018-06-11 20:00:00;447;3108287;2751.0851397300057
facebook;2018-06-11 21:00:00;454;1528830;2667.3854622479216
facebook;2018-06-11 22:00:00;489;7308827;3055.0679691210794
facebook;2018-06-11 23:00:00;468;3776003;2916.1546536769565
facebook;2018-06-12 00:00:00;583;5946941;3763.9787295391134
facebook;2018-06-12 01:00:00;627;4594249;4040.683118850798
facebook;2018-06-12 02:00:00;633;4060736;3992.2032437363528
facebook;2018-06-12 03:00:00;662;5342797;4070.7599325675624
facebook;2018-06-12 04:00:00;640;10016727;4029.0855918907423
facebook;2018-06-12 05:00:00;642;6562772;4040.282438891093
facebook;2018-06-12 06:00:00;730;3978662;4587.293715043983
facebook;2018-06-12 07:00:00;772;9118200;5131.7960743433405
facebook;2018-06-12 08:00:00;810;6028084;5210.922801435234
facebook;2018-06-12 09:00:00;831;12821081;5306.198694123511
facebook;2018-06-12 10:00:00;739;4850063;4802.8474355652215
facebook;2018-06-12 11:00:00;927;7827434;6169.7847674066315
facebook;2018-06-12 12:00:00;740;5398399;4837.764252312554
facebook;2018-06-12 13:00:00;694;4988888;4661.310847707343
facebook;2018-06-12 14:00:00;682;6717663;4706.776922310033
facebook;2018-06-12 15:00:00;612;7049425;3763.4024648450268
facebook;2018-06-12 16:00:00;447;3550059;2986.8414426350078
facebook;2018-06-12 17:00:00;436;2744785;2808.9643145190685
facebook;2018-06-12 18:00:00;448;4396067;2779.345316290541
facebook;2018-06-12 19:00:00;404;2883160;2597.529080494019
facebook;2018-06-12 20:00:00;390;2652198;2461.3324142162555
facebook;2018-06-12 21:00:00;533;22987292;3380.8454653239946
facebook;2018-06-12 22:00:00;365;3204102;2316.073294467572
facebook;2018-06-12 23:00:00;482;3226443;2929.9179732246826
facebook;2018-06-13 00:00:00;587;10657538;3906.7296882241358
facebook;2018-06-13 01:00:00;664;4426808;4459.6221725650075
facebook;2018-06-13 02:00:00;523;3559145;3597.616161350343
facebook;2018-06-13 03:00:00;588;3589531;3910.448037712328
facebook;2018-06-13 04:00:00;622;11677186;4071.208897055682
facebook;2018-06-13 05:00:00;305;1821038;1927.312485625479
facebook;2018-06-13 06:00:00;0;0;0.0
facebook;2018-06-13 07:00:00;0;0;0.0
facebook;2018-06-13 08:00:00;0;0;0.0
facebook;2018-06-13 09:00:00;0;0;0.0
facebook;2018-06-13 10:00:00;12;93427;90.50318244533922
goldmansachs;2018-06-09 03:00:00;4;8291;17.45739863537014
goldmansachs;2018-06-09 04:00:00;6;8966;28.74901359868049
goldmansachs;2018-06-09 05:00:00;4;7407;23.48249810125021
goldmansachs;2018-06-09 06:00:00;2;948;12.289728816773547
goldmansachs;2018-06-09 07:00:00;6;8680;29.067931014301703
goldmansachs;2018-06-09 08:00:00;9;4270;46.67450182590904
goldmansachs;2018-06-09 09:00:00;3;9031;14.662018106137033
goldmansachs;2018-06-09 10:00:00;3;24259;25.178530825305636
goldmansachs;2018-06-09 11:00:00;3;1278;17.10800339448481
goldmansachs;2018-06-09 12:00:00;1;869;6.767343125265392
goldmansachs;2018-06-09 13:00:00;2;1401;12.421764501799235
goldmansachs;2018-06-09 14:00:00;7;18231;48.762431152580064
goldmansachs;2018-06-09 15:00:00;4;4188;25.843034304539124
goldmansachs;2018-06-09 16:00:00;1;715;6.572282542694008
goldmansachs;2018-06-09 17:00:00;3;2316;13.68081734783395
goldmansachs;2018-06-09 18:00:00;1;48599;10.791358233545209
goldmansachs;2018-06-09 19:00:00;2;194;9.149421957006766
goldmansachs;2018-06-09 20:00:00;0;0;0.0
goldmansachs;2018-06-09 21:00:00;7;27106;50.063869110057404
goldmansachs;2018-06-09 22:00:00;1;361;5.8888779583328805
goldmansachs;2018-06-09 23:00:00;0;0;0.0
goldmansachs;2018-06-10 00:00:00;4;8049;22.880190949886394
goldmansachs;2018-06-10 01:00:00;3;110904;21.570922542940824
goldmansachs;2018-06-10 02:00:00;0;0;0.0
goldmansachs;2018-06-10 03:00:00;4;7492;25.159501192857924
goldmansachs;2018-06-10 04:00:00;0;0;0.0
goldmansachs;2018-06-10 05:00:00;2;3106;12.943392201809994
goldmansachs;2018-06-10 06:00:00;2;630;8.826000545482968
goldmansachs;2018-06-10 07:00:00;6;9152;37.612773358789575
goldmansachs;2018-06-10 08:00:00;3;1430;18.244517648844926
goldmansachs;2018-06-10 09:00:00;1;617;6.424869023905388
goldmansachs;2018-06-10 10:00:00;4;3760;20.696840856272573
goldmansachs;2018-06-10 11:00:00;3;3946;20.657065368071784
goldmansachs;2018-06-10 12:00:00;2;5637;13.64002796207464
goldmansachs;2018-06-10 13:00:00;1;155351;11.953442351878042
goldmansachs;2018-06-10 14:00:00;3;3348;20.37272222647896
goldmansachs;2018-06-10 15:00:00;1;103;4.634728988229637
goldmansachs;2018-06-10 16:00:00;1;6674;8.805974659311321
goldmansachs;2018-06-10 17:00:00;3;10128;19.32275871941059
goldmansachs;2018-06-10 18:00:00;4;3154;24.001247947240334
goldmansachs;2018-06-10 19:00:00;1;7765;8.957381735582787
goldmansachs;2018-06-10 20:00:00;4;1696;22.21726021854734
goldmansachs;2018-06-10 21:00:00;1;68;4.219507705176107
goldmansachs;2018-06-10 22:00:00;5;32526;40.1039560788838
goldmansachs;2018-06-10 23:00:00;4;5027;23.913302423944515
goldmansachs;2018-06-11 00:00:00;3;8419;22.918489052894316
goldmansachs;2018-06-11 01:00:00;7;5991;38.03134352134718
goldmansachs;2018-06-11 02:00:00;5;37450;30.974481524632857
goldmansachs;2018-06-11 03:00:00;1;178;5.181783550292085
goldmansachs;2018-06-11 04:00:00;1;8356;9.030735122676457
goldmansachs;2018-06-11 05:00:00;4;6424;27.09379178920768
goldmansachs;2018-06-11 06:00:00;7;45450;41.78968313335456
goldmansachs;2018-06-11 07:00:00;6;24194;39.2209924072497
goldmansachs;2018-06-11 08:00:00;23;159526;161.9601031756551
goldmansachs;2018-06-11 09:00:00;17;25718;109.02124694471631
goldmansachs;2018-06-11 10:00:00;10;241752;65.49205611747016
goldmansachs;2018-06-11 11:00:00;10;79781;73.10960670644357
goldmansachs;2018-06-11 12:00:00;5;9443;33.40276804780085
goldmansachs;2018-06-11 13:00:00;8;29299;47.39773149197472
goldmansachs;2018-06-11 14:00:00;1;80;4.382026634673881
goldmansachs;2018-06-11 15:00:00;2;20683;16.019962289724948
goldmansachs;2018-06-11 16:00:00;7;11612;48.75228334372056
goldmansachs;2018-06-11 17:00:00;6;11321;40.17888682841355
goldmansachs;2018-06-11 18:00:00;9;12289;49.941512825313616
goldmansachs;2018-06-11 19:00:00;16;90059;98.55892451423408
goldmansachs;2018-06-11 20:00:00;10;4420;52.829791716789906
goldmansachs;2018-06-11 21:00:00;3;3864;20.5966617391154
goldmansachs;2018-06-11 22:00:00;8;93144;61.014907722876245
goldmansachs;2018-06-11 23:00:00;5;8074;33.1079260869793
goldmansachs;2018-06-12 00:00:00;6;23362;42.89190777315389
goldmansachs;2018-06-12 01:00:00;5;28641;32.113338294292035
goldmansachs;2018-06-12 02:00:00;9;106144;69.51954987265657
goldmansachs;2018-06-12 03:00:00;7;30223;44.38055711621499
goldmansachs;2018-06-12 04:00:00;9;17710;53.013007076996175
goldmansachs;2018-06-12 05:00:00;19;44121;116.82183495177162
goldmansachs;2018-06-12 06:00:00;7;21029;47.55920404247822
goldmansachs;2018-06-12 07:00:00;5;18508;19.68487144645271
goldmansachs;2018-06-12 08:00:00;5;41419;31.85144463752522
goldmansachs;2018-06-12 09:00:00;11;30168;74.43501918137723
goldmansachs;2018-06-12 10:00:00;7;102554;61.10815114352418
goldmansachs;2018-06-12 11:00:00;6;13620;43.20008304483779
goldmansachs;2018-06-12 12:00:00;15;54740;107.36725856971644
goldmansachs;2018-06-12 13:00:00;20;107129;156.6604024622347
goldmansachs;2018-06-12 14:00:00;15;72789;118.37188115907558
goldmansachs;2018-06-12 15:00:00;7;35908;51.60459206034255
goldmansachs;2018-06-12 16:00:00;11;66635;85.94728270103772
goldmansachs;2018-06-12 17:00:00;9;70026;74.26836479406985
goldmansachs;2018-06-12 18:00:00;5;22785;35.30343994035724
goldmansachs;2018-06-12 19:00:00;5;13950;23.97169539748021
goldmansachs;2018-06-12 20:00:00;9;35769;63.26808124087675
goldmansachs;2018-06-12 21:00:00;8;23699;52.55604975113116
goldmansachs;2018-06-12 22:00:00;10;30122;68.25795666399677
goldmansachs;2018-06-12 23:00:00;5;20274;37.17454250377638
goldmansachs;2018-06-13 00:00:00;13;58181;107.51590231216777
goldmansachs;2018-06-13 01:00:00;7;20939;44.490158106935446
goldmansachs;2018-06-13 02:00:00;8;41237;66.49354509752459
goldmansachs;2018-06-13 03:00:00;14;115420;118.13465380057623
goldmansachs;2018-06-13 04:00:00;5;18429;36.35138957705057
goldmansachs;2018-06-13 05:00:00;8;31914;59.310944870574474
goldmansachs;2018-06-13 06:00:00;0;0;0.0
goldmansachs;2018-06-13 07:00:00;0;0;0.0
goldmansachs;2018-06-13 08:00:00;0;0;0.0
goldmansachs;2018-06-13 09:00:00;0;0;0.0
goldmansachs;2018-06-13 10:00:00;1;1868;7.532623618788787
lockheadmartin;2018-06-10 20:00:00;2;3203;14.738428084055226
mcdonalds;2018-06-09 03:00:00;7;5346;36.9086738561504
mcdonalds;2018-06-09 04:00:00;17;65602;104.61706947876647
mcdonalds;2018-06-09 05:00:00;25;34725;134.97933769318374
mcdonalds;2018-06-09 06:00:00;30;33311;150.9595337991857
mcdonalds;2018-06-09 07:00:00;21;173285;133.67578077584818
mcdonalds;2018-06-09 08:00:00;20;80621;115.33932829260539
mcdonalds;2018-06-09 09:00:00;33;138992;169.01635339706115
mcdonalds;2018-06-09 10:00:00;33;221829;185.5032414162019
mcdonalds;2018-06-09 11:00:00;22;57418;118.7109473099604
mcdonalds;2018-06-09 12:00:00;33;203296;195.20759405427484
mcdonalds;2018-06-09 13:00:00;20;49266;114.45930432472974
mcdonalds;2018-06-09 14:00:00;35;41111;175.9415692928496
mcdonalds;2018-06-09 15:00:00;20;14438;110.25303928667984
mcdonalds;2018-06-09 16:00:00;34;174805;214.00739183472334
mcdonalds;2018-06-09 17:00:00;25;32008;149.14263761966495
mcdonalds;2018-06-09 18:00:00;17;13615;93.36593236402972
mcdonalds;2018-06-09 19:00:00;20;42100;116.52102283894052
mcdonalds;2018-06-09 20:00:00;12;9195;66.55850515714064
mcdonalds;2018-06-09 21:00:00;41;3944686;429.0444173767386
mcdonalds;2018-06-09 22:00:00;19;21262;109.06434603874693
mcdonalds;2018-06-09 23:00:00;9;13491;54.5382643574893
mcdonalds;2018-06-10 00:00:00;31;159336;178.57377301954944
mcdonalds;2018-06-10 01:00:00;18;19210;112.87380327092544
mcdonalds;2018-06-10 02:00:00;14;39479;80.4985424166983
mcdonalds;2018-06-10 03:00:00;10;108914;53.74300605585459
mcdonalds;2018-06-10 04:00:00;15;21343;70.64118719907839
mcdonalds;2018-06-10 05:00:00;29;157234;172.407004959749
mcdonalds;2018-06-10 06:00:00;14;96749;102.35353936925067
mcdonalds;2018-06-10 07:00:00;23;25913;112.6670184959729
mcdonalds;2018-06-10 08:00:00;39;571088;225.34253976714217
mcdonalds;2018-06-10 09:00:00;28;73083;159.47875080408912
mcdonalds;2018-06-10 10:00:00;25;40256;144.59869268255872
mcdonalds;2018-06-10 11:00:00;36;101009;219.22883691177321
mcdonalds;2018-06-10 12:00:00;20;32544;107.64999175811957
mcdonalds;2018-06-10 13:00:00;33;124371;201.82543755960765
mcdonalds;2018-06-10 14:00:00;22;13271;116.33186922898527
mcdonalds;2018-06-10 15:00:00;18;136375;98.51277532340058
mcdonalds;2018-06-10 16:00:00;29;283980;166.52797024171602
mcdonalds;2018-06-10 17:00:00;25;14626;136.17712929050634
mcdonalds;2018-06-10 18:00:00;11;10292;64.77602528813978
mcdonalds;2018-06-10 19:00:00;23;284690;162.15133690488176
mcdonalds;2018-06-10 20:00:00;26;11822;135.67808306315038
mcdonalds;2018-06-10 21:00:00;12;7570;55.70980287028105
mcdonalds;2018-06-10 22:00:00;14;17537;85.0026121812569
mcdonalds;2018-06-10 23:00:00;11;175224;63.09692581053332
mcdonalds;2018-06-11 00:00:00;19;42337;93.54173007391212
mcdonalds;2018-06-11 01:00:00;12;19953;74.52551582340035
mcdonalds;2018-06-11 02:00:00;11;27542;73.4081345831321
mcdonalds;2018-06-11 03:00:00;38;62061;218.27440786772675
mcdonalds;2018-06-11 04:00:00;52;81975;309.17876831985797
mcdonalds;2018-06-11 05:00:00;41;52439;233.94831986941549
mcdonalds;2018-06-11 06:00:00;74;185568;438.1266996746753
mcdonalds;2018-06-11 07:00:00;89;439037;543.7965903904266
mcdonalds;2018-06-11 08:00:00;71;337659;440.9634195607497
mcdonalds;2018-06-11 09:00:00;108;327690;705.0947268235659
mcdonalds;2018-06-11 10:00:00;77;470201;436.2543404093808
mcdonalds;2018-06-11 11:00:00;109;359487;659.8391976198824
mcdonalds;2018-06-11 12:00:00;70;139885;401.3339679874637
mcdonalds;2018-06-11 13:00:00;52;89285;309.9221813986438
mcdonalds;2018-06-11 14:00:00;39;104600;220.74498449610968
mcdonalds;2018-06-11 15:00:00;52;200686;281.1652627077007
mcdonalds;2018-06-11 16:00:00;45;403598;297.77020995955166
mcdonalds;2018-06-11 17:00:00;35;275993;227.32128897987087
mcdonalds;2018-06-11 18:00:00;28;126031;173.6434644973118
mcdonalds;2018-06-11 19:00:00;60;203682;380.9064362508911
mcdonalds;2018-06-11 20:00:00;83;183981;520.3936598641303
mcdonalds;2018-06-11 21:00:00;49;286306;298.8564548212097
mcdonalds;2018-06-11 22:00:00;32;224397;200.3460440268039
mcdonalds;2018-06-11 23:00:00;41;177144;239.15814144496488
mcdonalds;2018-06-12 00:00:00;47;206331;314.40489645075934
mcdonalds;2018-06-12 01:00:00;32;131924;209.01908711889644
mcdonalds;2018-06-12 02:00:00;46;149272;275.82395069628524
mcdonalds;2018-06-12 03:00:00;44;3146550;258.3188416923348
mcdonalds;2018-06-12 04:00:00;39;89994;223.5635326810882
mcdonalds;2018-06-12 05:00:00;62;263493;360.94121233554137
mcdonalds;2018-06-12 06:00:00;36;265033;222.7952593813375
mcdonalds;2018-06-12 07:00:00;45;6111943;293.52014963600203
mcdonalds;2018-06-12 08:00:00;48;186682;275.6573002015907
mcdonalds;2018-06-12 09:00:00;63;337590;365.7694151414293
mcdonalds;2018-06-12 10:00:00;52;206084;280.59247844206226
mcdonalds;2018-06-12 11:00:00;49;312534;286.77360895456144
mcdonalds;2018-06-12 12:00:00;38;166938;229.50670501565867
mcdonalds;2018-06-12 13:00:00;37;165045;231.5339636784923
mcdonalds;2018-06-12 14:00:00;32;115508;174.9914445576548
mcdonalds;2018-06-12 15:00:00;28;182967;141.7966533554828
mcdonalds;2018-06-12 16:00:00;23;97640;125.95031068826721
mcdonalds;2018-06-12 17:00:00;21;43726;104.92479956374478
mcdonalds;2018-06-12 18:00:00;19;55048;100.13586453976514
mcdonalds;2018-06-12 19:00:00;43;96180;235.27614262104726
mcdonalds;2018-06-12 20:00:00;39;27325;171.94394744542356
mcdonalds;2018-06-12 21:00:00;45;226743;320.2331544391489
mcdonalds;2018-06-12 22:00:00;37;117848;211.09842333325568
mcdonalds;2018-06-12 23:00:00;40;131580;257.202311088305
mcdonalds;2018-06-13 00:00:00;26;97195;160.91561588157683
mcdonalds;2018-06-13 01:00:00;25;113260;144.7578878111599
mcdonalds;2018-06-13 02:00:00;24;35199;123.78614387492902
mcdonalds;2018-06-13 03:00:00;20;407543;141.0261201270844
mcdonalds;2018-06-13 04:00:00;15;33938;98.87793863198524
mcdonalds;2018-06-13 05:00:00;12;12786;74.04975807260759
microsoft;2018-06-09 03:00:00;154;380475;864.4063936782687
microsoft;2018-06-09 04:00:00;168;602981;1019.4614873957453
microsoft;2018-06-09 05:00:00;128;338746;736.431295377156
microsoft;2018-06-09 06:00:00;227;793782;1191.5916689533885
microsoft;2018-06-09 07:00:00;228;351098;1209.8007013709635
microsoft;2018-06-09 08:00:00;237;1011464;1258.115645366131
microsoft;2018-06-09 09:00:00;240;864246;1419.171441632315
microsoft;2018-06-09 10:00:00;340;344438;1772.4251550244858
microsoft;2018-06-09 11:00:00;173;535279;1020.9420203589951
microsoft;2018-06-09 12:00:00;197;594550;1170.4490558159453
microsoft;2018-06-09 13:00:00;217;546915;1288.2593835430835
microsoft;2018-06-09 14:00:00;199;747895;1136.309342966469
microsoft;2018-06-09 15:00:00;155;683773;866.9484272981725
microsoft;2018-06-09 16:00:00;115;694207;653.6539847223556
microsoft;2018-06-09 17:00:00;101;178437;548.3430883507867
microsoft;2018-06-09 18:00:00;82;120467;418.8575523611415
microsoft;2018-06-09 19:00:00;200;542571;893.1099828697601
microsoft;2018-06-09 20:00:00;138;548555;648.4424848756366
microsoft;2018-06-09 21:00:00;80;168662;483.9510431591396
microsoft;2018-06-09 22:00:00;92;294968;510.25374478616624
microsoft;2018-06-09 23:00:00;121;1055110;751.100896912629
microsoft;2018-06-10 00:00:00;124;572764;735.8221231878888
microsoft;2018-06-10 01:00:00;235;1680969;1643.6689535569697
microsoft;2018-06-10 02:00:00;150;249863;845.158039334053
microsoft;2018-06-10 03:00:00;148;276506;832.0968879427226
microsoft;2018-06-10 04:00:00;165;840522;975.684233519885
microsoft;2018-06-10 05:00:00;216;571387;1325.3547675257205
microsoft;2018-06-10 06:00:00;213;651632;1165.1024131473557
microsoft;2018-06-10 07:00:00;219;758536;1314.178871784457
microsoft;2018-06-10 08:00:00;231;488372;1461.8079840850596
microsoft;2018-06-10 09:00:00;271;1029412;1570.2680456340224
microsoft;2018-06-10 10:00:00;372;7638741;2120.077628487464
microsoft;2018-06-10 11:00:00;295;915725;1681.7022381554882
microsoft;2018-06-10 12:00:00;408;1174134;2386.1390145206624
microsoft;2018-06-10 13:00:00;1061;3172905;6124.547662680963
microsoft;2018-06-10 14:00:00;3606;6949413;20286.51740997262
microsoft;2018-06-10 15:00:00;2841;7587101;16061.441381912618
microsoft;2018-06-10 16:00:00;799;2537102;4464.7979188526615
microsoft;2018-06-10 17:00:00;448;1394833;2693.4682995512158
microsoft;2018-06-10 18:00:00;300;868756;1592.0385652957673
microsoft;2018-06-10 19:00:00;426;508560;1461.6322184636097
microsoft;2018-06-10 20:00:00;247;9631205;1440.5474215873535
microsoft;2018-06-10 21:00:00;204;849972;1173.2325639970745
microsoft;2018-06-10 22:00:00;159;302979;863.6697868393729
microsoft;2018-06-10 23:00:00;289;1121101;1766.2560710213677
microsoft;2018-06-11 00:00:00;239;959375;1432.67138084984
microsoft;2018-06-11 01:00:00;365;7167497;2362.5516599974994
microsoft;2018-06-11 02:00:00;298;966111;1757.8553381905356
microsoft;2018-06-11 03:00:00;395;1154525;2333.7920496938787
microsoft;2018-06-11 04:00:00;667;2032569;2152.1102377902
microsoft;2018-06-11 05:00:00;335;3161317;1859.2551553032238
microsoft;2018-06-11 06:00:00;315;2509559;1869.2873733262456
microsoft;2018-06-11 07:00:00;382;2158521;2408.253566093367
microsoft;2018-06-11 08:00:00;415;1323775;2507.8102430771737
microsoft;2018-06-11 09:00:00;396;1271412;2454.286609616204
microsoft;2018-06-11 10:00:00;407;2103972;2415.127496525894
microsoft;2018-06-11 11:00:00;292;3057678;1749.7308453602286
microsoft;2018-06-11 12:00:00;277;584005;1603.9470807603452
microsoft;2018-06-11 13:00:00;315;934234;1983.215711779514
microsoft;2018-06-11 14:00:00;294;706518;1725.179031805389
microsoft;2018-06-11 15:00:00;224;445571;1250.9509701946506
microsoft;2018-06-11 16:00:00;209;1778061;1240.5814076370575
microsoft;2018-06-11 17:00:00;179;2248901;1139.2159894623173
microsoft;2018-06-11 18:00:00;167;568904;1007.5480295075936
microsoft;2018-06-11 19:00:00;185;847220;1177.0198752507772
microsoft;2018-06-11 20:00:00;176;257511;909.9153180789115
microsoft;2018-06-11 21:00:00;123;150674;684.2209189570575
microsoft;2018-06-11 22:00:00;141;511581;852.9385242855852
microsoft;2018-06-11 23:00:00;210;751128;1335.459353011423
microsoft;2018-06-12 00:00:00;149;713232;738.198621694891
microsoft;2018-06-12 01:00:00;253;2878617;1674.4034029388451
microsoft;2018-06-12 02:00:00;242;638606;1528.9589435842804
microsoft;2018-06-12 03:00:00;210;588375;1261.0885858172269
microsoft;2018-06-12 04:00:00;182;9786203;1151.717264398169
microsoft;2018-06-12 05:00:00;241;1808907;1597.2820179701794
microsoft;2018-06-12 06:00:00;256;1326990;1579.1859343059498
microsoft;2018-06-12 07:00:00;317;2318494;1921.1535578438807
microsoft;2018-06-12 08:00:00;378;2352426;2449.7087460578805
microsoft;2018-06-12 09:00:00;306;1100370;1799.708881597454
microsoft;2018-06-12 10:00:00;325;11226802;1909.404231898191
microsoft;2018-06-12 11:00:00;296;1341539;1848.2175859750573
microsoft;2018-06-12 12:00:00;388;2085829;2451.760071192786
microsoft;2018-06-12 13:00:00;256;1544261;1601.6114193226824
microsoft;2018-06-12 14:00:00;264;1544137;1544.1266917130574
microsoft;2018-06-12 15:00:00;241;1742769;1509.9877988985156
microsoft;2018-06-12 16:00:00;172;1140757;1052.280815265528
microsoft;2018-06-12 17:00:00;114;653889;672.1188676732257
microsoft;2018-06-12 18:00:00;118;555722;715.4055071912494
microsoft;2018-06-12 19:00:00;101;620551;652.8851277345832
microsoft;2018-06-12 20:00:00;100;548838;585.1859801234968
microsoft;2018-06-12 21:00:00;135;834596;771.4491156287033
microsoft;2018-06-12 22:00:00;139;434826;816.5443696852498
microsoft;2018-06-12 23:00:00;184;6693965;1187.824474966407
microsoft;2018-06-13 00:00:00;135;623536;828.0223753553402
microsoft;2018-06-13 01:00:00;257;1895099;1659.8129915313043
microsoft;2018-06-13 02:00:00;269;2327639;1788.0060288415048
microsoft;2018-06-13 03:00:00;204;591130;1221.148592486334
microsoft;2018-06-13 04:00:00;217;697726;1275.161029080184
microsoft;2018-06-13 05:00:00;124;524976;778.3059585288418
microsoft;2018-06-13 06:00:00;0;0;0.0
microsoft;2018-06-13 07:00:00;0;0;0.0
microsoft;2018-06-13 08:00:00;0;0;0.0
microsoft;2018-06-13 09:00:00;0;0;0.0
microsoft;2018-06-13 10:00:00;10;8173;58.26931519939158
nike;2018-06-09 03:00:00;141;340186;736.5781929900509
nike;2018-06-09 04:00:00;157;3123405;907.7517001138428
nike;2018-06-09 05:00:00;180;579309;993.7924732703765
nike;2018-06-09 06:00:00;170;532886;955.5955424379977
nike;2018-06-09 07:00:00;224;1032955;1223.8164864597975
nike;2018-06-09 08:00:00;301;734904;1539.572457757975
nike;2018-06-09 09:00:00;516;10583517;2969.94265133626
nike;2018-06-09 10:00:00;368;2438173;2019.3561666278492
nike;2018-06-09 11:00:00;245;1144597;1401.408606138051
nike;2018-06-09 12:00:00;248;2724599;1399.6370219151388
nike;2018-06-09 13:00:00;257;1194326;1538.8396017139878
nike;2018-06-09 14:00:00;295;1342662;1546.9626803839728
nike;2018-06-09 15:00:00;207;666783;1132.9307546792093
nike;2018-06-09 16:00:00;242;2758493;1389.960067128913
nike;2018-06-09 17:00:00;236;769020;1244.0627601863337
nike;2018-06-09 18:00:00;183;744076;992.9512954238052
nike;2018-06-09 19:00:00;176;679644;998.6435855978198
nike;2018-06-09 20:00:00;229;679213;1187.2821852984757
nike;2018-06-09 21:00:00;245;774588;1382.8937635508041
nike;2018-06-09 22:00:00;169;764237;1024.4259951126337
nike;2018-06-09 23:00:00;147;1071198;832.1834945895152
nike;2018-06-10 00:00:00;259;2055592;1596.7169169840356
nike;2018-06-10 01:00:00;207;554045;1180.492258807766
nike;2018-06-10 02:00:00;213;550501;1074.1402804197526
nike;2018-06-10 03:00:00;174;1147434;979.7884262223157
nike;2018-06-10 04:00:00;187;1048034;1147.9018219144807
nike;2018-06-10 05:00:00;160;432667;925.8080063164663
nike;2018-06-10 06:00:00;192;941238;1141.7883914292797
nike;2018-06-10 07:00:00;203;643874;1159.6342087218104
nike;2018-06-10 08:00:00;242;890627;1346.7124367147162
nike;2018-06-10 09:00:00;289;2067382;1711.0538968706962
nike;2018-06-10 10:00:00;2570;11987662;14602.179646224984
nike;2018-06-10 11:00:00;1315;11782353;7515.2591537780845
nike;2018-06-10 12:00:00;1227;2673933;6855.323081865685
nike;2018-06-10 13:00:00;900;1876116;4908.8780026074755
nike;2018-06-10 14:00:00;765;2673992;4136.140682615019
nike;2018-06-10 15:00:00;568;2218099;3091.0568080270664
nike;2018-06-10 16:00:00;451;1149846;2490.3468423089225
nike;2018-06-10 17:00:00;326;729661;1789.8865838354643
nike;2018-06-10 18:00:00;277;1501426;1630.8018379840082
nike;2018-06-10 19:00:00;265;1471429;1536.4183525437406
nike;2018-06-10 20:00:00;326;2451882;1651.3577849168644
nike;2018-06-10 21:00:00;354;2070697;2057.3952090582748
nike;2018-06-10 22:00:00;318;2078938;1839.4363571861256
nike;2018-06-10 23:00:00;256;549732;1333.1050311768752
nike;2018-06-11 00:00:00;280;1391964;1553.7696736815972
nike;2018-06-11 01:00:00;289;1024341;1706.6122447223238
nike;2018-06-11 02:00:00;378;540382;2024.2390906564442
nike;2018-06-11 03:00:00;369;1404023;2087.240295192849
nike;2018-06-11 04:00:00;463;2434959;2647.183713231886
nike;2018-06-11 05:00:00;628;1721435;3626.5934350584366
nike;2018-06-11 06:00:00;552;2176650;3174.824761066443
nike;2018-06-11 07:00:00;564;4583064;3238.529649998918
nike;2018-06-11 08:00:00;437;1684129;2403.0400323592826
nike;2018-06-11 09:00:00;358;2123316;2079.2607857846824
nike;2018-06-11 10:00:00;329;1585697;1889.061439245419
nike;2018-06-11 11:00:00;366;3492050;2222.582677049461
nike;2018-06-11 12:00:00;378;1739482;2244.377994718966
nike;2018-06-11 13:00:00;369;3833568;1960.166222758948
nike;2018-06-11 14:00:00;535;3516128;2635.9590948156956
nike;2018-06-11 15:00:00;302;1561155;1776.065739789498
nike;2018-06-11 16:00:00;275;4122215;1725.8132625861028
nike;2018-06-11 17:00:00;242;2511992;1417.0897375429436
nike;2018-06-11 18:00:00;230;3318277;1355.5215890492593
nike;2018-06-11 19:00:00;248;3594287;1466.5678559770784
nike;2018-06-11 20:00:00;384;1822311;1891.2692618763974
nike;2018-06-11 21:00:00;287;6096485;1682.1759163956585
nike;2018-06-11 22:00:00;254;1316717;1463.1081407356378
nike;2018-06-11 23:00:00;226;979728;1159.3117898250698
nike;2018-06-12 00:00:00;186;739444;1074.7055651192131
nike;2018-06-12 01:00:00;205;838930;1116.6815975989712
nike;2018-06-12 02:00:00;293;894545;1557.243937199881
nike;2018-06-12 03:00:00;233;1984499;1464.9780019720192
nike;2018-06-12 04:00:00;237;2298169;1340.9320273953056
nike;2018-06-12 05:00:00;294;3480642;1667.6063982450762
nike;2018-06-12 06:00:00;327;2414653;1823.8294452271205
nike;2018-06-12 07:00:00;288;3039211;1803.2647635732108
nike;2018-06-12 08:00:00;376;1507785;2073.600575735873
nike;2018-06-12 09:00:00;232;1280364;1370.4058003585367
nike;2018-06-12 10:00:00;290;863929;1525.029557575689
nike;2018-06-12 11:00:00;212;1140801;1188.5192002366307
nike;2018-06-12 12:00:00;255;1108164;1176.7039022588917
nike;2018-06-12 13:00:00;259;952604;1235.052341993637
nike;2018-06-12 14:00:00;260;1930625;1277.7799502361104
nike;2018-06-12 15:00:00;190;798391;1060.1674849801834
nike;2018-06-12 16:00:00;182;895065;1032.0590711845716
nike;2018-06-12 17:00:00;218;3003335;1266.5208460338936
nike;2018-06-12 18:00:00;197;1608686;1152.4221023307903
nike;2018-06-12 19:00:00;187;1828099;1203.4925230790514
nike;2018-06-12 20:00:00;375;5663031;2122.773403505657
nike;2018-06-12 21:00:00;404;3171573;2396.6957356790485
nike;2018-06-12 22:00:00;252;1408076;1473.9214336000557
nike;2018-06-12 23:00:00;233;2386471;1409.404360235789
nike;2018-06-13 00:00:00;202;763354;1085.6676505698945
nike;2018-06-13 01:00:00;201;1637566;1182.0058436487518
nike;2018-06-13 02:00:00;321;1456109;1684.3661069071445
nike;2018-06-13 03:00:00;263;2682973;1597.3216312389713
nike;2018-06-13 04:00:00;302;3358943;1798.7283619034001
nike;2018-06-13 05:00:00;146;2348397;833.5581810606096
nike;2018-06-13 06:00:00;0;0;0.0
nike;2018-06-13 07:00:00;0;0;0.0
nike;2018-06-13 08:00:00;0;0;0.0
nike;2018-06-13 09:00:00;0;0;0.0
nike;2018-06-13 10:00:00;4;1648;19.879538109377535
pfizer;2018-06-09 03:00:00;2;13973;16.96541891102295
pfizer;2018-06-09 04:00:00;1;3010;8.009695357742922
pfizer;2018-06-09 05:00:00;3;5095;19.886073582485288
pfizer;2018-06-09 06:00:00;1;2;0.6931471805599453
pfizer;2018-06-09 07:00:00;1;591;6.3818160174060985
pfizer;2018-06-09 08:00:00;2;622;11.474101473112647
pfizer;2018-06-09 09:00:00;1;8589;9.058237593766227
pfizer;2018-06-09 10:00:00;0;0;0.0
pfizer;2018-06-09 11:00:00;4;523;16.5667478265954
pfizer;2018-06-09 12:00:00;0;0;0.0
pfizer;2018-06-09 13:00:00;2;106;7.940583827104244
pfizer;2018-06-09 14:00:00;1;53;3.970291913552122
pfizer;2018-06-09 15:00:00;0;0;0.0
pfizer;2018-06-09 16:00:00;3;8674;16.554657148840768
pfizer;2018-06-09 17:00:00;0;0;0.0
pfizer;2018-06-09 18:00:00;0;0;0.0
pfizer;2018-06-09 19:00:00;1;8595;9.05893591781695
pfizer;2018-06-09 20:00:00;0;0;0.0
pfizer;2018-06-09 21:00:00;0;0;0.0
pfizer;2018-06-09 22:00:00;0;0;0.0
pfizer;2018-06-09 23:00:00;0;0;0.0
pfizer;2018-06-10 00:00:00;3;514;13.38892803861019
pfizer;2018-06-10 01:00:00;1;2447;7.802618063442671
pfizer;2018-06-10 02:00:00;1;398;5.986452005284437
pfizer;2018-06-10 03:00:00;0;0;0.0
pfizer;2018-06-10 04:00:00;0;0;0.0
pfizer;2018-06-10 05:00:00;0;0;0.0
pfizer;2018-06-10 06:00:00;0;0;0.0
pfizer;2018-06-10 07:00:00;0;0;0.0
pfizer;2018-06-10 08:00:00;2;304;9.495744852683906
pfizer;2018-06-10 09:00:00;2;8645;11.895981351565263
pfizer;2018-06-10 10:00:00;3;792;13.637512441618039
pfizer;2018-06-10 11:00:00;0;0;0.0
pfizer;2018-06-10 12:00:00;0;0;0.0
pfizer;2018-06-10 13:00:00;0;0;0.0
pfizer;2018-06-10 14:00:00;0;0;0.0
pfizer;2018-06-10 15:00:00;0;0;0.0
pfizer;2018-06-10 16:00:00;3;10117;20.20125614398499
pfizer;2018-06-10 17:00:00;2;9147;16.807928846330302
pfizer;2018-06-10 18:00:00;3;14610;25.472547648229906
pfizer;2018-06-10 19:00:00;2;26514;18.8549611093326
pfizer;2018-06-10 20:00:00;0;0;0.0
pfizer;2018-06-10 21:00:00;4;8550;23.583805402655628
pfizer;2018-06-10 22:00:00;0;0;0.0
pfizer;2018-06-10 23:00:00;0;0;0.0
pfizer;2018-06-11 00:00:00;1;14;2.6390573296152584
pfizer;2018-06-11 01:00:00;1;97;4.574710978503383
pfizer;2018-06-11 02:00:00;0;0;0.0
pfizer;2018-06-11 03:00:00;2;240;8.059592328887543
pfizer;2018-06-11 04:00:00;0;0;0.0
pfizer;2018-06-11 05:00:00;0;0;0.0
pfizer;2018-06-11 06:00:00;0;0;0.0
pfizer;2018-06-11 07:00:00;0;0;0.0
pfizer;2018-06-11 08:00:00;2;274;6.984716320118266
pfizer;2018-06-11 09:00:00;4;12413;28.793377095190102
pfizer;2018-06-11 10:00:00;5;34352;34.99744378218816
pfizer;2018-06-11 11:00:00;0;0;0.0
pfizer;2018-06-11 12:00:00;3;3298;19.013172986902802
pfizer;2018-06-11 13:00:00;0;0;0.0
pfizer;2018-06-11 14:00:00;1;3587;8.185071477532281
pfizer;2018-06-11 15:00:00;0;0;0.0
pfizer;2018-06-11 16:00:00;2;8843;14.31781921511958
pfizer;2018-06-11 17:00:00;3;3671;15.70959569234649
pfizer;2018-06-11 18:00:00;0;0;0.0
pfizer;2018-06-11 19:00:00;1;8657;9.066123521215774
pfizer;2018-06-11 20:00:00;0;0;0.0
pfizer;2018-06-11 21:00:00;2;9248;16.82581252616805
pfizer;2018-06-11 22:00:00;1;35;3.555348061489413
pfizer;2018-06-11 23:00:00;0;0;0.0
pfizer;2018-06-12 00:00:00;1;14;2.6390573296152584
pfizer;2018-06-12 01:00:00;0;0;0.0
pfizer;2018-06-12 02:00:00;1;14;2.6390573296152584
pfizer;2018-06-12 03:00:00;0;0;0.0
pfizer;2018-06-12 04:00:00;2;12953;15.149432094845466
pfizer;2018-06-12 05:00:00;0;0;0.0
pfizer;2018-06-12 06:00:00;2;740;9.226607344440055
pfizer;2018-06-12 07:00:00;1;3192;8.068402958569699
pfizer;2018-06-12 08:00:00;0;0;0.0
pfizer;2018-06-12 09:00:00;2;8826;14.224601086287478
pfizer;2018-06-12 10:00:00;7;8556;38.49647936104125
pfizer;2018-06-12 11:00:00;0;0;0.0
pfizer;2018-06-12 12:00:00;2;639;9.958922259424229
pfizer;2018-06-12 13:00:00;7;5846;43.53502126105191
pfizer;2018-06-12 14:00:00;1;44;3.7841896339182615
pfizer;2018-06-12 15:00:00;5;2996;31.465895563416847
pfizer;2018-06-12 16:00:00;2;8691;12.621356062575677
pfizer;2018-06-12 17:00:00;3;5724;15.481734014731128
pfizer;2018-06-12 18:00:00;0;0;0.0
pfizer;2018-06-12 19:00:00;3;72952;27.42802802496841
pfizer;2018-06-12 20:00:00;3;4807;18.447458984984973
pfizer;2018-06-12 21:00:00;3;11219;19.900909238558956
pfizer;2018-06-12 22:00:00;1;35;3.555348061489413
pfizer;2018-06-12 23:00:00;2;3805;13.607509281550069
pfizer;2018-06-13 00:00:00;2;180;8.803273982501045
pfizer;2018-06-13 01:00:00;0;0;0.0
pfizer;2018-06-13 02:00:00;1;5497;8.61195776786066
pfizer;2018-06-13 03:00:00;1;67;4.204692619390967
pfizer;2018-06-13 04:00:00;1;10800;9.287301413112312
tesla;2018-06-09 03:00:00;72;166923;437.90755097389274
tesla;2018-06-09 04:00:00;80;217262;516.2891508261632
tesla;2018-06-09 05:00:00;91;216861;528.0941039933849
tesla;2018-06-09 06:00:00;170;686535;1152.143351518613
tesla;2018-06-09 07:00:00;139;357920;849.7642642331764
tesla;2018-06-09 08:00:00;109;521835;677.8108289529041
tesla;2018-06-09 09:00:00;119;271410;713.5699182905641
tesla;2018-06-09 10:00:00;110;614799;668.1115116836359
tesla;2018-06-09 11:00:00;111;285293;759.2116019742072
tesla;2018-06-09 12:00:00;135;209226;820.8991269813822
tesla;2018-06-09 13:00:00;116;375877;722.027860371444
tesla;2018-06-09 14:00:00;105;514636;680.7529392518915
tesla;2018-06-09 15:00:00;133;1231555;850.1247202571233
tesla;2018-06-09 16:00:00;108;331514;608.001023662439
tesla;2018-06-09 17:00:00;67;140952;423.9926786766719
tesla;2018-06-09 18:00:00;51;209842;305.7279004990515
tesla;2018-06-09 19:00:00;59;169893;357.88090738134844
tesla;2018-06-09 20:00:00;60;100979;353.34120691744147
tesla;2018-06-09 21:00:00;57;196981;337.47684985837066
tesla;2018-06-09 22:00:00;44;185289;281.9782282177288
tesla;2018-06-09 23:00:00;50;163333;322.81423349918356
tesla;2018-06-10 00:00:00;58;183428;342.0692142705649
tesla;2018-06-10 01:00:00;85;364114;556.2261241574024
tesla;2018-06-10 02:00:00;81;476658;481.9864720894717
tesla;2018-06-10 03:00:00;104;230957;673.3717785101915
tesla;2018-06-10 04:00:00;68;405990;453.4474533297388
tesla;2018-06-10 05:00:00;80;203934;494.5805740998028
tesla;2018-06-10 06:00:00;74;334294;488.000812660326
tesla;2018-06-10 07:00:00;108;233682;697.6039824165032
tesla;2018-06-10 08:00:00;145;434644;974.992349855219
tesla;2018-06-10 09:00:00;103;2488921;703.6255541941415
tesla;2018-06-10 10:00:00;86;274193;516.140697583265
tesla;2018-06-10 11:00:00;159;688126;1078.5151614725335
tesla;2018-06-10 12:00:00;157;608411;1006.3009446116187
tesla;2018-06-10 13:00:00;138;360301;871.954670978784
tesla;2018-06-10 14:00:00;107;224666;635.1415721441435
tesla;2018-06-10 15:00:00;97;336034;604.6680949680351
tesla;2018-06-10 16:00:00;117;936223;836.8331260249637
tesla;2018-06-10 17:00:00;69;1003578;499.3911390152779
tesla;2018-06-10 18:00:00;49;416739;306.28269131576445
tesla;2018-06-10 19:00:00;56;258503;315.31147619453503
tesla;2018-06-10 20:00:00;51;80853;294.74049813607553
tesla;2018-06-10 21:00:00;69;2881735;442.958178606188
tesla;2018-06-10 22:00:00;48;218701;304.30462535247386
tesla;2018-06-10 23:00:00;45;108253;257.1540776198563
tesla;2018-06-11 00:00:00;115;566159;783.7159055445939
tesla;2018-06-11 01:00:00;114;335569;655.4410137602852
tesla;2018-06-11 02:00:00;110;394240;662.4627306987826
tesla;2018-06-11 03:00:00;190;588057;1172.5904442492613
tesla;2018-06-11 04:00:00;187;606284;1192.5180579141193
tesla;2018-06-11 05:00:00;106;268850;666.6846958645572
tesla;2018-06-11 06:00:00;144;690332;919.9824466845165
tesla;2018-06-11 07:00:00;124;1632464;868.047376811789
tesla;2018-06-11 08:00:00;202;7420621;1396.7867960286455
tesla;2018-06-11 09:00:00;191;883777;1228.299919330512
tesla;2018-06-11 10:00:00;147;2605806;985.4935487151238
tesla;2018-06-11 11:00:00;150;569884;1028.1964044121887
tesla;2018-06-11 12:00:00;195;725396;1211.934267232877
tesla;2018-06-11 13:00:00;156;568700;895.8523559499482
tesla;2018-06-11 14:00:00;136;1200705;869.8858925521231
tesla;2018-06-11 15:00:00;126;2439589;736.78987410518
tesla;2018-06-11 16:00:00;102;470034;600.741662449386
tesla;2018-06-11 17:00:00;84;747954;537.999958420571
tesla;2018-06-11 18:00:00;72;479148;459.56563998384513
tesla;2018-06-11 19:00:00;44;329685;287.6684405844681
tesla;2018-06-11 20:00:00;60;834739;412.69267157390317
tesla;2018-06-11 21:00:00;44;161022;228.98954752827646
tesla;2018-06-11 22:00:00;38;428132;243.9721868004864
tesla;2018-06-11 23:00:00;62;440176;389.148742107635
tesla;2018-06-12 00:00:00;116;475266;738.6162146807213
tesla;2018-06-12 01:00:00;98;1646809;702.1619664858976
tesla;2018-06-12 02:00:00;92;602794;628.2287322235248
tesla;2018-06-12 03:00:00;161;3074157;1101.2034932486295
tesla;2018-06-12 04:00:00;103;338340;684.466691956541
tesla;2018-06-12 05:00:00;143;559461;1006.9425543887312
tesla;2018-06-12 06:00:00;164;971605;1053.1984132415844
tesla;2018-06-12 07:00:00;133;717832;849.4425255776729
tesla;2018-06-12 08:00:00;166;771967;1039.6689468289917
tesla;2018-06-12 09:00:00;218;743127;1450.5560987535443
tesla;2018-06-12 10:00:00;201;773992;1291.2510990851633
tesla;2018-06-12 11:00:00;191;2299899;1309.665332039959
tesla;2018-06-12 12:00:00;410;3673660;2723.5579149956093
tesla;2018-06-12 13:00:00;361;10623543;2439.2430918721457
tesla;2018-06-12 14:00:00;236;1262359;1532.6620389429027
tesla;2018-06-12 15:00:00;210;2940811;1324.0169763446625
tesla;2018-06-12 16:00:00;158;5057129;984.6445248079426
tesla;2018-06-12 17:00:00;115;1311162;770.2092848860467
tesla;2018-06-12 18:00:00;96;525888;589.8942315923929
tesla;2018-06-12 19:00:00;79;278407;461.48714155776094
tesla;2018-06-12 20:00:00;53;254487;317.41094477423815
tesla;2018-06-12 21:00:00;100;595690;614.6636677431247
tesla;2018-06-12 22:00:00;125;563423;788.0730607494365
tesla;2018-06-12 23:00:00;151;748965;1013.2250215750804
tesla;2018-06-13 00:00:00;184;782917;1206.5704872592862
tesla;2018-06-13 01:00:00;198;4596841;1345.5470478490088
tesla;2018-06-13 02:00:00;197;865141;1118.6082923344334
tesla;2018-06-13 03:00:00;173;626756;1230.438481171835
tesla;2018-06-13 04:00:00;169;1212814;1076.1606371686325
tesla;2018-06-13 05:00:00;73;4381836;471.5371877335173
tesla;2018-06-13 06:00:00;0;0;0.0
tesla;2018-06-13 07:00:00;0;0;0.0
tesla;2018-06-13 08:00:00;0;0;0.0
tesla;2018-06-13 09:00:00;0;0;0.0
tesla;2018-06-13 10:00:00;2;128;6.595780513961312
